[
    {
        "head": "Unsere Marke",
        "title": "Belohnung für Treue",
        "description": "Sammeln Sie heute Punkte mit uns!"
    },
    {
        "head": "Sommerangebote",
        "title": "Saisonale Ersparnisse",
        "description": "Nutzen Sie unser Sommerangebot!"
    },
    {
        "head": "Sparcard",
        "title": "Verdienen Sie beim Einkaufen",
        "description": "Sammeln Sie bei jedem Restaurantbesuch Punkte!"
    },
    {
        "head": "Gourmet Club",
        "title": "Speisen und Sparen",
        "description": "Genießen Sie unsere Köstlichkeiten und erhalten Sie spannende Belohnungen!"
    },
    {
        "head": "Foodie Card",
        "title": "Kosten und Verdienen",
        "description": "Belohnen Sie Ihre Liebe zum guten Essen!"
    },
    {
        "head": "Treuekarte",
        "title": "Jetzt sparen",
        "description": "Treten Sie unserem Treueprogramm bei und sparen Sie bei jedem Einkauf!"
    },
    {
        "head": "Abendessen-Specials",
        "title": "Belohnungen erhalten",
        "description": "Gestalten Sie Ihre Abende mit unserem Belohnungsprogramm besonders!"
    },
    {
        "head": "Wochenend-Bonanza",
        "title": "Wochenendbelohnungen",
        "description": "Genießen Sie Ihre Wochenenden mit uns und lassen Sie sich belohnen!"
    },
    {
        "head": "Festliche Angebote",
        "title": "Feiertagseinsparungen",
        "description": "Feiern Sie die Festzeit mit exklusiven Belohnungen!"
    },
    {
        "head": "Happy Hour",
        "title": "Stündliche Belohnungen",
        "description": "Besuchen Sie uns während der Happy Hour und verdienen Sie doppelte Punkte!"
    },
    {
        "head": "Kaffee Liebhaber",
        "title": "Espresso Punkte",
        "description": "Sammeln Sie Punkte bei jedem Kaffee!"
    },
    {
        "head": "Pizza Palace",
        "title": "Sparangebote für Pizzen",
        "description": "Ersparnisse bei jeder Scheibe Pizza!"
    },
    {
        "head": "Gesunde Ernährung",
        "title": "Salat Ersparnisse",
        "description": "Belohnung für gesunde Entscheidungen!"
    },
    {
        "head": "Burger Bonanza",
        "title": "Burger Punkte",
        "description": "Sammeln Sie Punkte mit Ihren Burgern!"
    },
    {
        "head": "Fischspezialitäten",
        "title": "Fisch Belohnungen",
        "description": "Frische Belohnungen bei jedem Fang!"
    },
    {
        "head": "Dessertfreuden",
        "title": "Süße Ersparnisse",
        "description": "Machen Sie das Angebot mit Belohnungen süßer!"
    },
    {
        "head": "Asiatische Küche",
        "title": "Sushi Punkte",
        "description": "Rollen Sie die Belohnungen ein!"
    },
    {
        "head": "Mexikanisches Fest",
        "title": "Taco Token",
        "description": "Tacos, die sich auszahlen!"
    },
    {
        "head": "Frühstücksclub",
        "title": "Morgendliche Belohnungen",
        "description": "Belohnungen für Frühaufsteher!"
    },
    {
        "head": "Mittagsspezialitäten",
        "title": "Lunch Treue",
        "description": "Sparen Sie zur Mittagszeit!"
    }
]