[
    {
        "head": "Our Brand",
        "title": "Loyalty Rewarded",
        "description": "Start collecting points with us today!"
    },
    {
        "head": "Summer Rewards",
        "title": "Seasonal Savings",
        "description": "Take advantage of our summer promotion!"
    },
    {
        "head": "Savings Card",
        "title": "Earn as You Spend",
        "description": "Accumulate points every time you dine with us!"
    },
    {
        "head": "Gourmet Club",
        "title": "Dine and Save",
        "description": "Savor our delicacies and enjoy exciting rewards!"
    },
    {
        "head": "Foodie Card",
        "title": "Taste and Earn",
        "description": "Rewarding your love for good food!"
    },
    {
        "head": "Loyalty Card",
        "title": "Save Now",
        "description": "Join our loyalty program and save on every purchase!"
    },
    {
        "head": "Dinner Specials",
        "title": "Get Rewarded",
        "description": "Make your evenings special with our reward program!"
    },
    {
        "head": "Weekend Bonanza",
        "title": "Weekend Rewards",
        "description": "Enjoy your weekends with us and get rewarded!"
    },
    {
        "head": "Festive Offers",
        "title": "Holiday Savings",
        "description": "Celebrate the festive season with exclusive rewards!"
    },
    {
        "head": "Happy Hours",
        "title": "Hourly Rewards",
        "description": "Join us during happy hours and earn double points!"
    },
    {
        "head": "Coffee Lovers",
        "title": "Espresso Points",
        "description": "Earn points with every coffee!"
    },
    {
        "head": "Pizza Palace",
        "title": "Slice Savings",
        "description": "Savings on every slice!"
    },
    {
        "head": "Healthy Eats",
        "title": "Salad Savings",
        "description": "Get rewarded for healthy choices!"
    },
    {
        "head": "Burger Bonanza",
        "title": "Burger Points",
        "description": "Stack points with your burgers!"
    },
    {
        "head": "Seafood Special",
        "title": "Fish Rewards",
        "description": "Fresh rewards with every catch!"
    },
    {
        "head": "Dessert Delights",
        "title": "Sweet Savings",
        "description": "Sweeten the deal with rewards!"
    },
    {
        "head": "Asian Cuisine",
        "title": "Sushi Points",
        "description": "Roll in the rewards!"
    },
    {
        "head": "Mexican Fiesta",
        "title": "Taco Tokens",
        "description": "Tacos that pay back!"
    },
    {
        "head": "Breakfast Club",
        "title": "Morning Rewards",
        "description": "Rewards for early birds!"
    },
    {
        "head": "Lunch Specials",
        "title": "Lunch Loyalty",
        "description": "Save at lunchtime!"
    }
]