[
    {
        "head": "Ons Merk",
        "title": "Loyaliteit Beloond",
        "description": "Begin vandaag nog met het verzamelen van punten bij ons!"
    },
    {
        "head": "Zomerbeloningen",
        "title": "Seizoenskortingen",
        "description": "Profiteer van onze zomerpromotie!"
    },
    {
        "head": "Spaarkaart",
        "title": "Verdien Terwijl Je Besteedt",
        "description": "Verzamel punten elke keer dat je bij ons dineert!"
    },
    {
        "head": "Gourmet Club",
        "title": "Dineer en Bespaar",
        "description": "Proef onze delicatessen en geniet van spannende beloningen!"
    },
    {
        "head": "Foodie Kaart",
        "title": "Proef en Verdien",
        "description": "Je liefde voor goed eten wordt beloond!"
    },
    {
        "head": "Loyaliteitskaart",
        "title": "Bespaar Nu",
        "description": "Word lid van ons loyaliteitsprogramma en bespaar bij elke aankoop!"
    },
    {
        "head": "Diner Specials",
        "title": "Wordt Beloond",
        "description": "Maak je avonden speciaal met ons beloningsprogramma!"
    },
    {
        "head": "Weekend Bonanza",
        "title": "Weekend Beloningen",
        "description": "Geniet van je weekenden bij ons en word beloond!"
    },
    {
        "head": "Feestelijke Aanbiedingen",
        "title": "Feestdagen Besparingen",
        "description": "Vier het feestseizoen met exclusieve beloningen!"
    },
    {
        "head": "Happy Hours",
        "title": "Uurlijkse Beloningen",
        "description": "Doe mee tijdens happy hours en verdien dubbele punten!"
    },
    {
        "head": "Koffieliefhebbers",
        "title": "Espresso Punten",
        "description": "Verdien punten bij elke koffie!"
    },
    {
        "head": "Pizzapaleis",
        "title": "Slice Besparingen",
        "description": "Besparingen bij elke slice!"
    },
    {
        "head": "Gezond Eten",
        "title": "Salade Besparingen",
        "description": "Word beloond voor gezonde keuzes!"
    },
    {
        "head": "Burger Bonanza",
        "title": "Burger Punten",
        "description": "Verzamel punten met je burgers!"
    },
    {
        "head": "Zeevruchten Speciaal",
        "title": "Vis Beloningen",
        "description": "Verse beloningen bij elke vangst!"
    },
    {
        "head": "Dessert Verwennerijen",
        "title": "Zoete Besparingen",
        "description": "Maak de deal zoeter met beloningen!"
    },
    {
        "head": "Aziatische Keuken",
        "title": "Sushi Punten",
        "description": "Rol in de beloningen!"
    },
    {
        "head": "Mexicaans Feest",
        "title": "Taco Tokens",
        "description": "Taco's die terugbetalen!"
    },
    {
        "head": "Ontbijtclub",
        "title": "Ochtend Beloningen",
        "description": "Beloningen voor vroege vogels!"
    },
    {
        "head": "Lunch Specials",
        "title": "Lunch Loyaliteit",
        "description": "Bespaar tijdens de lunch!"
    }
]