[
    {
        "title": "Kostenloser köstlicher Kaffee",
        "description": "Starten Sie Ihren Tag mit einem Kick oder geben Sie Ihrem Nachmittag Schwung mit unserem feinsten Kaffee. Unser Kaffee stammt von den besten Plantagen weltweit und bietet in jeder Tasse einen reichen und intensiven Geschmack."
    },
    {
        "title": "Zweite Pizza gratis",
        "description": "Nichts bringt Menschen besser zusammen als eine gute Pizza! Kaufen Sie eine unserer Signature-Pizzas und erhalten Sie eine zweite kostenlos dazu. Teilen Sie mit einem Freund oder gönnen Sie sich selbst - Sie haben es verdient!"
    },
    {
        "title": "Dinner für Zwei",
        "description": "Genießen Sie einen besonderen Abend und schaffen Sie unvergessliche Momente bei einem Dinner zu zweit in unserem Restaurant. Erleben Sie eine Vielzahl von sorgfältig von unseren erfahrenen Köchen zubereiteten Gerichten in einer gemütlichen und warmen Atmosphäre."
    },
    {
        "title": "Kostenloses Dessert",
        "description": "Verwöhnen Sie Ihren süßen Zahn mit unserer Dessertkarte. Egal, ob Sie Schokolade, fruchtige Aromen oder cremige Gebäckstücke bevorzugen, bei uns finden Sie etwas, das Ihre Mahlzeit perfekt abrundet. Das Beste daran ist, dass es auf Kosten des Hauses geht!"
    },
    {
        "title": "VIP-Tischreservierung",
        "description": "Erleben Sie das Beste, was wir zu bieten haben, mit einer VIP-Tischreservierung. Genießen Sie bevorzugte Sitzplätze, persönlichen Service und ein spezielles VIP-Menü. Dies ist unsere Art, Ihr kulinarisches Erlebnis noch besonderer zu machen."
    },
    {
        "title": "Spezialität des Küchenchefs",
        "description": "Gönnen Sie sich ein kulinarisches Abenteuer mit der Spezialität des Küchenchefs. Diese einzigartige Kreation ändert sich regelmäßig und wird von saisonalen Zutaten, regionalen Produkten und der Kreativität des Küchenchefs inspiriert."
    },
    {
        "title": "Kaufen Sie einen Burger, erhalten Sie einen weiteren gratis",
        "description": "Unsere Burger sind bei den Gästen beliebt und bieten exquisite Beläge sowie unsere geheime Sauce. Mit unserem Sonderangebot erhalten Sie beim Kauf eines Burgers einen weiteren gratis dazu. Das bedeutet doppeltes Vergnügen!"
    },
    {
        "title": "Exklusives Weinverkostung",
        "description": "Unternehmen Sie eine Reise durch die Welt des Weins, ohne Ihren Platz zu verlassen. Unsere exklusive Weinverkostung gibt Ihnen die Möglichkeit, eine Vielzahl erlesener Weine zu probieren, die sorgfältig von renommierten Weingütern aus aller Welt ausgewählt wurden."
    },
    {
        "title": "Kostenloses Appetithäppchen",
        "description": "Starten Sie Ihr Essen mit einem kostenlosen Appetithäppchen. Wählen Sie aus unserer Auswahl an warmen und kalten Vorspeisen, die Ihren Appetit anregen und Ihren Gaumen auf den Hauptgang vorbereiten sollen."
    },
    {
        "title": "25% Rabatt bei Ihrem nächsten Besuch",
        "description": "Als Zeichen unserer Wertschätzung für Ihre fortgesetzte Unterstützung bieten wir Ihnen einen 25% Rabatt auf Ihre gesamte Rechnung bei Ihrem nächsten Besuch. Das ist unsere Art, Danke zu sagen!"
    },
    {
        "title": "Geburtstagsspecial",
        "description": "Feiern Sie Ihren Geburtstag bei uns in besonderem Stil. Genießen Sie eine kostenlose Mahlzeit und eine besondere Überraschung von unserem Team. Machen Sie Ihren Geburtstag unvergesslich bei uns."
    },
    {
        "title": "Kinder essen kostenlos",
        "description": "Familiäre Mahlzeiten werden noch besser! Mit unserem Angebot 'Kinder essen kostenlos' kann Ihr Kleines sein Lieblingsgericht kostenfrei genießen. Machen Sie diese Familienmomente noch unvergesslicher."
    },
    {
        "title": "Kostenloser Kochkurs",
        "description": "Entdecken Sie Ihr kulinarisches Potenzial mit unserem kostenlosen Kochkurs. Lernen Sie von unseren erfahrenen Köchen, entdecken Sie neue Rezepte und bringen Sie Ihre Kochkünste auf das nächste Level."
    },
    {
        "title": "Rabatt auf Catering-Services",
        "description": "Planen Sie eine Party oder eine Veranstaltung? Wir sind für Sie da. Profitieren Sie von einem exklusiven Rabatt auf unsere Catering-Services und lassen Sie uns Ihre Veranstaltung zu einem kulinarischen Erfolg machen."
    },
    {
        "title": "Bevorzugter Zugang zu Veranstaltungen",
        "description": "Erhalten Sie exklusiven, bevorzugten Zugang zu unseren speziellen Veranstaltungen. Von Weinverkostungen bis hin zu Gourmetfestivals - genießen Sie das Beste, was wir zu bieten haben, bevor es alle anderen tun."
    },
    {
        "title": "Frühbucher-Special",
        "description": "Schlagen Sie die Menge und erhalten Sie einen speziellen Rabatt mit unserem Frühbucher-Special. Der frühe Gast bekommt den Deal!"
    },
    {
        "title": "Kostenlose Flasche Wein",
        "description": "Ergänzen Sie Ihre Mahlzeit mit einer kostenlosen Flasche unseres ausgewählten Weins. Sorgfältig von unserem Sommelier ausgewählt, ist er die perfekte Ergänzung für ein exquisites kulinarisches Erlebnis."
    },
    {
        "title": "50% Rabatt auf ausgewählte Gerichte",
        "description": "Erleben Sie das Beste unserer Speisekarte zum halben Preis. Ausgewählte Gerichte werden jede Woche rabattiert. Ein köstliches Angebot, dem Sie nicht widerstehen können!"
    },
    {
        "title": "Kostenlose Nachfüllung von Softgetränken",
        "description": "Bleiben Sie erfrischt! Genießen Sie kostenlose Nachfüllungen unserer Auswahl an Softgetränken. Die perfekte Begleitung zu Ihrer Mahlzeit."
    },
    {
        "title": "Exklusives saisonales Angebot",
        "description": "Feiern Sie die Jahreszeit mit unserem exklusiven saisonalen Angebot. Genießen Sie ein kuratiertes Menü mit saisonalen Zutaten zu einem besonderen Preis."
    },
    {
        "title": "Dinner für Zwei",
        "description": "Genießen Sie ein intimes Dinner zu zweit mit unserer besonderen Belohnung. Verwöhnen Sie sich mit einem Vier-Gänge-Menü und schaffen Sie unvergessliche Erinnerungen mit Ihren Lieben."
    },
    {
        "title": "Spezialität des Küchenchefs",
        "description": "Genießen Sie ein von unserem Chefkoch speziell zubereitetes Gericht. Ein einzigartiges kulinarisches Erlebnis, das Sie nicht verpassen möchten."
    },
    {
        "title": "Kostenloses Appetithäppchen",
        "description": "Starten Sie Ihre Mahlzeit richtig. Wählen Sie eines unserer Vorspeisen gratis mit dieser speziellen Belohnung."
    },
    {
        "title": "Kostenloses Dessert",
        "description": "Gönnen Sie sich eine süße Leckerei auf Kosten des Hauses. Beenden Sie Ihre Mahlzeit mit unserem kostenlosen Dessertangebot."
    },
    {
        "title": "Wochenend-Brunch-Special",
        "description": "Machen Sie Ihre Wochenenden besonders mit unserem kostenlosen Brunch. Genießen Sie eine Auswahl Ihrer Lieblingsgerichte in entspannter und freundlicher Atmosphäre."
    },
    {
        "title": "Kostenloser Eintritt zur Gourmet-Nacht",
        "description": "Erleben Sie einen Abend mit Gourmetköstlichkeiten und erhalten Sie kostenlosen Eintritt zu unserer monatlichen Gourmet-Nacht. Probieren Sie eine Vielzahl von exotischen Gerichten, die von unseren talentierten Köchen zusammengestellt wurden."
    },
    {
        "title": "Kostenloses Salatbuffet",
        "description": "Genießen Sie eine gesunde Auswahl aus unserem Salatbuffet kostenlos. Perfekt als Ergänzung zu jeder Mahlzeit oder als herzhafter Genuss für sich allein."
    },
    {
        "title": "Weinverkostungsveranstaltung",
        "description": "Werden Sie zu unseren exklusiven Weinverkostungsveranstaltungen eingeladen. Entdecken Sie eine Vielzahl von erlesenen Weinen, die von unserem erfahrenen Sommelier begleitet werden."
    },
    {
        "title": "Feiertagsspecial",
        "description": "Feiern Sie die Feiertage mit unserem exklusiven Feiertagsspecial. Genießen Sie ein festliches Menü, das speziell für die Feiertagssaison zusammengestellt wurde."
    },
    {
        "title": "Kostenloses Softgetränk",
        "description": "Bleiben Sie erfrischt mit einem kostenlosen Softgetränk Ihrer Wahl. Perfekt für warme Sommertage."
    },
    {
        "title": "Bierverkostungserlebnis",
        "description": "Genießen Sie eine Auswahl unserer feinsten Biere mit unserem Bierverkostungserlebnis. Eine ideale Belohnung für Bierliebhaber."
    },
    {
        "title": "Gratis Pizza",
        "description": "Wer liebt nicht eine kostenlose Pizza? Genießen Sie eine köstliche, heiße Pizza direkt aus unserem Ofen mit dieser Belohnung."
    },
    {
        "title": "Kostenloses Frühstück",
        "description": "Starten Sie Ihren Tag richtig mit einem kostenlosen Frühstück. Wählen Sie aus unserem Angebot an traditionellen und modernen Frühstücksspezialitäten."
    },
    {
        "title": "Mittagessenspecial",
        "description": "Gönnen Sie sich eine Pause und genießen Sie unser Mittagessenspecial. Eine sorgfältig ausgewählte Auswahl an Gerichten, um Ihren Hunger am Mittag zu stillen."
    },
    {
        "title": "Exklusives Verkostungsmenü",
        "description": "Gönnen Sie sich ein exklusives Verkostungsmenü, das von unserem Chefkoch zusammengestellt wurde. Eine kulinarische Reise, die Sie nicht verpassen möchten."
    },
    {
        "title": "Kostenloser Craft-Cocktail",
        "description": "Genießen Sie einen kostenlosen Craft-Cocktail, perfekt gemixt von unseren erfahrenen Bartendern. Der perfekte Start oder Abschluss Ihrer Mahlzeit."
    }
]