[
    {
        "title": "Free Delicious Coffee",
        "description": "Start your day with a kick or fuel your afternoon with our finest brew. Our coffee is sourced from the best plantations around the world, providing a rich and deep flavor in every cup."
    },
    {
        "title": "Second Pizza for Free",
        "description": "Nothing brings people together like a good pizza! Buy any of our signature pizzas and get a second one for free. Share with a friend or treat yourself - you deserve it!"
    },
    {
        "title": "Dinner for Two",
        "description": "Enjoy a special night out and create memorable moments with a dinner for two at our place. Experience a wide array of dishes carefully crafted by our expert chefs, all in a cozy and warm atmosphere."
    },
    {
        "title": "Complimentary Dessert",
        "description": "Indulge your sweet tooth with our dessert menu. Whether you're a fan of chocolate, fruit flavors, or creamy pastries, we have something to make your meal perfect. Best of all, it's on us!"
    },
    {
        "title": "VIP Table Reservation",
        "description": "Experience the best we have to offer with a VIP table reservation. Enjoy priority seating, personalized service, and a special VIP menu. It's our way of making your dining experience even more special."
    },
    {
        "title": "Chef's Special Dish",
        "description": "Treat yourself to a culinary adventure with our Chef's Special Dish. This unique creation changes regularly and is inspired by seasonal ingredients, local produce, and the chef's own creativity."
    },
    {
        "title": "Buy One Get One Burger",
        "description": "Our burgers are a crowd favorite, featuring gourmet toppings and our secret sauce. With our special offer, when you buy one burger, you get another one for free. That's double the deliciousness!"
    },
    {
        "title": "Exclusive Wine Tasting",
        "description": "Take a journey through wine country without leaving your seat. Our exclusive wine tasting event gives you the chance to taste a variety of fine wines, carefully selected from renowned vineyards around the world."
    },
    {
        "title": "Complimentary Appetizer",
        "description": "Get your meal off to a great start with a complimentary appetizer. Choose from our selection of hot and cold starters, each designed to whet your appetite and prepare your palate for the main course."
    },
    {
        "title": "25% Off on Your Next Visit",
        "description": "As a token of our appreciation for your continued support, we're offering you a 25% discount on your entire bill the next time you dine with us. It's our way of saying thank you!"
    },
    {
        "title": "Birthday Special",
        "description": "Celebrate your birthday in style with us. Enjoy a complimentary meal and a special surprise from our team. Make your birthday unforgettable at our place."
    },
    {
        "title": "Kids Eat Free",
        "description": "Family meals just got better! With our 'Kids Eat Free' offer, your little one can enjoy their favorite dish on the house. Make those family moments more memorable."
    },
    {
        "title": "Free Cooking Class",
        "description": "Unlock your culinary potential with our complimentary cooking class. Learn from our skilled chefs, discover new recipes, and take your cooking skills to the next level."
    },
    {
        "title": "Discount on Catering Services",
        "description": "Hosting a party or an event? We've got you covered. Get an exclusive discount on our catering services and let us make your event a culinary success."
    },
    {
        "title": "Priority Access to Events",
        "description": "Get exclusive, priority access to our special events. From wine tastings to gourmet festivals, enjoy the best we have to offer before anyone else."
    },
    {
        "title": "Early Bird Special",
        "description": "Beat the crowd and get a special discount with our Early Bird Special. The early diner gets the deal!"
    },
    {
        "title": "Free Bottle of Wine",
        "description": "Complement your meal with a free bottle of our selected wine. Carefully chosen by our sommelier, it's the perfect match for an exquisite dining experience."
    },
    {
        "title": "Half Price on Selected Dishes",
        "description": "Experience the best of our menu at half the price. Selected dishes discounted every week. A delicious deal you can't resist!"
    },
    {
        "title": "Free Refills on Soft Drinks",
        "description": "Stay refreshed! Enjoy free refills on our range of soft drinks. It's the perfect accompaniment to your meal."
    },
    {
        "title": "Exclusive Seasonal Offer",
        "description": "Celebrate the season with our exclusive seasonal offer. Enjoy a curated menu featuring seasonal ingredients at a special price."
    },
    {
        "title": "Dinner for Two",
        "description": "Enjoy an intimate dinner for two with our special reward. Indulge in a four-course meal and create lasting memories with your loved one."
    },
    {
        "title": "Chef's Special",
        "description": "Enjoy a dish specially prepared by our head chef. A unique culinary experience that you wouldn't want to miss."
    },
    {
        "title": "Complimentary Appetizer",
        "description": "Start your meal right. Choose any one of our appetizers on the house with this special reward."
    },
    {
        "title": "Free Dessert",
        "description": "Indulge in a sweet treat on us. End your meal on a sweet note with our complimentary dessert offer."
    },
    {
        "title": "Weekend Brunch Special",
        "description": "Make your weekends special with our complimentary brunch. Enjoy a selection of your favorite dishes in a relaxed, friendly atmosphere."
    },
    {
        "title": "Free Entry to Gourmet Night",
        "description": "Experience an evening of gourmet delights with free entry to our monthly gourmet night. Sample a range of exotic dishes curated by our talented chefs."
    },
    {
        "title": "Free Salad Bar",
        "description": "Enjoy a healthy, fresh selection from our salad bar for free. A perfect complement to any meal or a hearty choice on its own."
    },
    {
        "title": "Wine Tasting Event",
        "description": "Get invited to our exclusive wine tasting events. Discover a variety of fine wines guided by our experienced sommelier."
    },
    {
        "title": "Holiday Special",
        "description": "Celebrate the holiday season with our exclusive holiday special. Enjoy a festive menu specially curated for the holiday season."
    },
    {
        "title": "Complimentary Soft Drink",
        "description": "Stay refreshed with a complimentary soft drink of your choice. Perfect for those warm summer days."
    },
    {
        "title": "Beer Tasting Experience",
        "description": "Enjoy a selection of our finest beers with our beer tasting experience. An ideal reward for beer lovers."
    },
    {
        "title": "Free Pizza",
        "description": "Who doesn't love a free pizza? Enjoy a delicious, hot pizza straight from our oven with this reward."
    },
    {
        "title": "Complimentary Breakfast",
        "description": "Start your day right with a complimentary breakfast. Choose from our menu of traditional and modern breakfast items."
    },
    {
        "title": "Lunch Special",
        "description": "Take a break from your day and enjoy our lunch special. A handpicked selection of dishes to satisfy your midday hunger."
    },
    {
        "title": "Exclusive Tasting Menu",
        "description": "Indulge in an exclusive tasting menu curated by our head chef. A culinary journey that you wouldn't want to miss."
    },
    {
        "title": "Complimentary Craft Cocktail",
        "description": "Enjoy a complimentary craft cocktail, mixed to perfection by our experienced bartenders. The perfect way to start or end your meal."
    }
]