[
    {
        "title": "Café Delicioso Gratis",
        "description": "Comienza tu día con energía o recarga tu tarde con nuestro mejor café. Nuestro café proviene de las mejores plantaciones alrededor del mundo, proporcionando un sabor rico y profundo en cada taza."
    },
    {
        "title": "Segunda Pizza Gratis",
        "description": "¡Nada une a las personas como una buena pizza! Compra cualquiera de nuestras pizzas estrella y obtén una segunda pizza gratis. Comparte con un amigo o date un gusto, ¡te lo mereces!"
    },
    {
        "title": "Cena para Dos",
        "description": "Disfruta de una noche especial y crea momentos memorables con una cena para dos en nuestro lugar. Experimenta una amplia variedad de platos cuidadosamente elaborados por nuestros expertos chefs, todo en un ambiente acogedor y cálido."
    },
    {
        "title": "Postre de Cortesía",
        "description": "Deleita tu paladar con nuestro menú de postres. Ya seas fanático del chocolate, los sabores frutales o los pasteles cremosos, tenemos algo para hacer tu comida perfecta. Lo mejor de todo, ¡es por cuenta de la casa!"
    },
    {
        "title": "Reserva de Mesa VIP",
        "description": "Experimenta lo mejor que tenemos para ofrecer con una reserva de mesa VIP. Disfruta de asientos prioritarios, servicio personalizado y un menú VIP especial. Es nuestra forma de hacer tu experiencia gastronómica aún más especial."
    },
    {
        "title": "Plato Especial del Chef",
        "description": "Date un gusto con una aventura culinaria con nuestro Plato Especial del Chef. Esta creación única cambia regularmente y se inspira en ingredientes de temporada, productos locales y la propia creatividad del chef."
    },
    {
        "title": "Compra Uno y Lleva Otro Hamburguesa",
        "description": "Nuestras hamburguesas son las favoritas del público, con ingredientes gourmet y nuestra salsa secreta. Con nuestra oferta especial, cuando compras una hamburguesa, obtienes otra gratis. ¡Eso es el doble de delicioso!"
    },
    {
        "title": "Cata de Vinos Exclusiva",
        "description": "Realiza un viaje a través del país del vino sin dejar tu asiento. Nuestro exclusivo evento de cata de vinos te brinda la oportunidad de probar una variedad de vinos finos, cuidadosamente seleccionados de viñedos renombrados de todo el mundo."
    },
    {
        "title": "Aperitivo de Cortesía",
        "description": "Comienza tu comida con un aperitivo de cortesía. Elige de nuestra selección de entrantes calientes y fríos, cada uno diseñado para abrir tu apetito y preparar tu paladar para el plato principal."
    },
    {
        "title": "25% de Descuento en Tu Próxima Visita",
        "description": "Como muestra de nuestro agradecimiento por tu continuo apoyo, te ofrecemos un 25% de descuento en toda tu factura la próxima vez que cenes con nosotros. ¡Es nuestra manera de decir gracias!"
    },
    {
        "title": "Especial de Cumpleaños",
        "description": "Celebra tu cumpleaños con estilo en nuestro restaurante. Disfruta de una comida gratuita y una sorpresa especial de nuestro equipo. Haz que tu cumpleaños sea inolvidable en nuestro lugar."
    },
    {
        "title": "Los Niños Comen Gratis",
        "description": "¡Las comidas en familia acaban de mejorar! Con nuestra oferta 'Los Niños Comen Gratis', tu pequeño puede disfrutar de su plato favorito por cuenta de la casa. Haz esos momentos familiares más memorables."
    },
    {
        "title": "Clase de Cocina Gratuita",
        "description": "Desbloquea tu potencial culinario con nuestra clase de cocina gratuita. Aprende de nuestros chefs expertos, descubre nuevas recetas y lleva tus habilidades culinarias al siguiente nivel."
    },
    {
        "title": "Descuento en Servicios de Catering",
        "description": "¿Organizando una fiesta o un evento? Nosotros te cubrimos. Obtén un descuento exclusivo en nuestros servicios de catering y déjanos hacer de tu evento un éxito culinario."
    },
    {
        "title": "Acceso Prioritario a Eventos",
        "description": "Obtén acceso exclusivo y prioritario a nuestros eventos especiales. Desde catas de vino hasta festivales gourmet, disfruta de lo mejor que tenemos para ofrecer antes que nadie."
    },
    {
        "title": "Especial para Madrugadores",
        "description": "Adelántate a la multitud y consigue un descuento especial con nuestro Especial para Madrugadores. ¡El comensal temprano se lleva la oferta!"
    },
    {
        "title": "Botella de Vino Gratis",
        "description": "Complementa tu comida con una botella gratuita de nuestro vino seleccionado. Cuidadosamente elegido por nuestro sumiller, es el maridaje perfecto para una experiencia culinaria exquisita."
    },
    {
        "title": "Mitad de Precio en Platos Seleccionados",
        "description": "Disfruta de lo mejor de nuestro menú a mitad de precio. Platos seleccionados con descuento cada semana. ¡Una oferta deliciosa que no puedes resistir!"
    },
    {
        "title": "Refrescos con Recargas Gratuitas",
        "description": "¡Mantente refrescado! Disfruta de recargas gratuitas en nuestra gama de refrescos. Es el acompañamiento perfecto para tu comida."
    },
    {
        "title": "Oferta Estacional Exclusiva",
        "description": "Celebra la temporada con nuestra oferta estacional exclusiva. Disfruta de un menú seleccionado que cuenta con ingredientes de temporada a un precio especial."
    },
    {
        "title": "Cena para Dos",
        "description": "Disfruta de una cena íntima para dos con nuestra recompensa especial. Deléitate en una comida de cuatro platos y crea recuerdos duraderos con tu ser querido."
    },
    {
        "title": "Especial del Chef",
        "description": "Disfruta de un plato preparado especialmente por nuestro chef principal. Una experiencia culinaria única que no querrás perderte."
    },
    {
        "title": "Aperitivo de Cortesía",
        "description": "Comienza tu comida de la manera correcta. Elige cualquiera de nuestros aperitivos por cuenta de la casa con esta recompensa especial."
    },
    {
        "title": "Postre Gratis",
        "description": "Date un capricho dulce por nuestra cuenta. Termina tu comida con una nota dulce con nuestra oferta de postre de cortesía."
    },
    {
        "title": "Especial de Brunch de Fin de Semana",
        "description": "Haz que tus fines de semana sean especiales con nuestro brunch de cortesía. Disfruta de una selección de tus platos favoritos en un ambiente relajado y amigable."
    },
    {
        "title": "Entrada Gratuita a Noche Gourmet",
        "description": "Experimenta una noche de delicias gourmet con entrada gratuita a nuestra noche gourmet mensual. Prueba una variedad de platos exóticos seleccionados por nuestros talentosos chefs."
    },
    {
        "title": "Barra de Ensaladas Gratis",
        "description": "Disfruta de una selección saludable y fresca de nuestra barra de ensaladas de manera gratuita. Un complemento perfecto para cualquier comida o una opción sustanciosa por sí sola."
    },
    {
        "title": "Evento de Cata de Vinos",
        "description": "Recibe una invitación a nuestros eventos exclusivos de cata de vinos. Descubre una variedad de vinos finos guiados por nuestro sommelier experimentado."
    },
    {
        "title": "Especial de Vacaciones",
        "description": "Celebra la temporada de fiestas con nuestro especial exclusivo para las vacaciones. Disfruta de un menú festivo especialmente seleccionado para la temporada de fiestas."
    },
    {
        "title": "Bebida Refrescante de Cortesía",
        "description": "Mantente fresco con una bebida refrescante de cortesía de tu elección. Perfecto para esos calurosos días de verano."
    },
    {
        "title": "Experiencia de Cata de Cervezas",
        "description": "Disfruta de una selección de nuestras mejores cervezas con nuestra experiencia de cata de cervezas. Una recompensa ideal para los amantes de la cerveza."
    },
    {
        "title": "Pizza Gratis",
        "description": "¿A quién no le encanta una pizza gratis? Disfruta de una deliciosa y caliente pizza directamente de nuestro horno con esta recompensa."
    },
    {
        "title": "Desayuno de Cortesía",
        "description": "Comienza tu día de la mejor manera con un desayuno gratuito. Elige de nuestro menú de opciones de desayuno tradicionales y modernas."
    },
    {
        "title": "Especial de Almuerzo",
        "description": "Haz una pausa en tu día y disfruta de nuestro especial de almuerzo. Una selección de platos seleccionados para satisfacer tu hambre a mediodía."
    },
    {
        "title": "Menú de Degustación Exclusivo",
        "description": "Indúlgete en un menú de degustación exclusivo seleccionado por nuestro chef principal. Un viaje culinario que no querrás perderte."
    },
    {
        "title": "Cóctel Artesanal de Cortesía",
        "description": "Disfruta un cóctel artesanal de cortesía, mezclado a la perfección por nuestros experimentados bármanes. La manera perfecta de comenzar o terminar tu comida."
    }
]