[
    {
        "title": "Café Délicieux Gratuit",
        "description": "Commencez votre journée avec un bon café ou dynamisez votre après-midi avec notre meilleure torréfaction. Notre café provient des meilleures plantations du monde, offrant une saveur riche et profonde dans chaque tasse."
    },
    {
        "title": "Deuxième Pizza Offerte",
        "description": "Rien ne rassemble les gens comme une bonne pizza ! Achetez l'une de nos pizzas signature et obtenez-en une deuxième gratuitement. Partagez avec un ami ou faites-vous plaisir - vous le méritez !"
    },
    {
        "title": "Dîner pour Deux",
        "description": "Profitez d'une soirée spéciale et créez des moments mémorables avec un dîner pour deux chez nous. Découvrez un large choix de plats soigneusement préparés par nos chefs experts, le tout dans une atmosphère chaleureuse et conviviale."
    },
    {
        "title": "Dessert Offert",
        "description": "Faites plaisir à votre palais avec notre menu dessert. Que vous soyez fan de chocolat, de saveurs fruitées ou de pâtisseries crémeuses, nous avons de quoi rendre votre repas parfait. Et le meilleur, c'est pour nous !"
    },
    {
        "title": "Réservation de Table VIP",
        "description": "Découvrez le meilleur de ce que nous avons à offrir avec une réservation de table VIP. Profitez d'une place prioritaire, d'un service personnalisé et d'un menu VIP spécial. C'est notre façon de rendre votre expérience gastronomique encore plus spéciale."
    },
    {
        "title": "Plat Spécial du Chef",
        "description": "Faites-vous plaisir avec une aventure culinaire grâce au Plat Spécial du Chef. Cette création unique change régulièrement et est inspirée par des ingrédients de saison, des produits locaux et la créativité du chef."
    },
    {
        "title": "Achetez-en un, Obtenez-en un Gratuitement sur les Burgers",
        "description": "Nos burgers sont très appréciés, avec des garnitures gourmet et notre sauce secrète. Avec notre offre spéciale, lorsque vous achetez un burger, vous en obtenez un autre gratuitement. C'est le double de délicieux !"
    },
    {
        "title": "Dégustation Exclusive de Vins",
        "description": "Parcourez le pays du vin sans quitter votre siège. Notre événement de dégustation exclusive vous offre l'occasion de goûter une variété de vins fins, soigneusement sélectionnés parmi des vignobles renommés du monde entier."
    },
    {
        "title": "Apéritif Offert",
        "description": "Commencez votre repas du bon pied avec un apéritif offert. Choisissez parmi notre sélection d'entrées chaudes et froides, chacune conçue pour éveiller votre appétit et préparer votre palais pour le plat principal."
    },
    {
        "title": "25% de Réduction lors de Votre Prochaine Visite",
        "description": "En signe de notre reconnaissance pour votre soutien continu, nous vous offrons une réduction de 25% sur l'ensemble de votre facture lors de votre prochain repas chez nous. C'est notre façon de vous dire merci !"
    },
    {
        "title": "Offre Spéciale pour Votre Anniversaire",
        "description": "Célébrez votre anniversaire avec style chez nous. Profitez d'un repas offert et d'une surprise spéciale de notre équipe. Rendez votre anniversaire inoubliable chez nous."
    },
    {
        "title": "Les Enfants Mangent Gratuitement",
        "description": "Les repas en famille n'ont jamais été aussi bons ! Avec notre offre 'Les Enfants Mangent Gratuitement', votre petit(e) pourra déguster son plat préféré gratuitement. Rendez ces moments en famille encore plus mémorables."
    },
    {
        "title": "Cours de Cuisine Gratuit",
        "description": "Libérez votre potentiel culinaire avec notre cours de cuisine gratuit. Apprenez auprès de nos chefs qualifiés, découvrez de nouvelles recettes et perfectionnez vos compétences culinaires."
    },
    {
        "title": "Réduction sur les Services Traiteur",
        "description": "Vous organisez une fête ou un événement ? Nous nous occupons de tout. Bénéficiez d'une réduction exclusive sur nos services traiteur et laissez-nous faire de votre événement un succès culinaire."
    },
    {
        "title": "Accès Prioritaire aux Événements",
        "description": "Profitez d'un accès exclusif et prioritaire à nos événements spéciaux. Des dégustations de vins aux festivals gastronomiques, appréciez le meilleur que nous avons à offrir avant tout le monde."
    },
    {
        "title": "Offre Lève-Tôt",
        "description": "Bénéficiez d'une réduction spéciale avec notre offre Lève-Tôt. Les premiers arrivés ont le droit à une bonne affaire !"
    },
    {
        "title": "Bouteille de Vin Offerte",
        "description": "Complétez votre repas avec une bouteille de notre vin sélectionné gratuitement. Soigneusement choisie par notre sommelier, c'est l'accompagnement parfait pour une expérience culinaire exquise."
    },
    {
        "title": "50% de Réduction sur Certains Plats",
        "description": "Découvrez le meilleur de notre menu à moitié prix. Certains plats bénéficient d'une réduction chaque semaine. Une délicieuse offre à ne pas manquer !"
    },
    {
        "title": "Recharge Gratuite de Boissons Sans Alcool",
        "description": "Restez hydraté ! Profitez d'une recharge gratuite de notre gamme de boissons sans alcool. L'accompagnement idéal pour votre repas."
    },
    {
        "title": "Offre Saisonnière Exclusive",
        "description": "Célébrez la saison avec notre offre saisonnière exclusive. Profitez d'un menu élaboré avec des ingrédients de saison à un prix spécial."
    },
    {
        "title": "Dîner pour Deux",
        "description": "Profitez d'un dîner intime pour deux personnes avec notre récompense spéciale. Dégustez un repas de quatre plats et créez des souvenirs inoubliables avec votre être cher."
    },
    {
        "title": "Plat Spécial du Chef",
        "description": "Régalez-vous avec un plat spécialement préparé par notre chef cuisinier. Une expérience culinaire unique à ne pas manquer."
    },
    {
        "title": "Apéritif Offert",
        "description": "Commencez votre repas du bon pied. Choisissez l'un de nos apéritifs, c'est pour nous !"
    },
    {
        "title": "Dessert Gratuit",
        "description": "Offrez-vous une douceur, c'est pour nous. Terminez votre repas en beauté avec notre offre de dessert gratuit."
    },
    {
        "title": "Brunch du Week-End Spécial",
        "description": "Rendez vos week-ends spéciaux avec notre brunch gratuit. Profitez d'une sélection de vos plats préférés dans une atmosphère détendue et conviviale."
    },
    {
        "title": "Entrée Gratuite à la Soirée Gourmet",
        "description": "Vivez une soirée de délices gastronomiques avec une entrée gratuite à notre soirée gourmet mensuelle. Dégustez une variété de plats exotiques élaborés par nos chefs talentueux."
    },
    {
        "title": "Bar à Salades Gratuit",
        "description": "Profitez d'une sélection saine et fraîche de notre bar à salades gratuitement. Un complément parfait à tout repas ou un choix consistant en lui-même."
    },
    {
        "title": "Dégustation de Vins",
        "description": "Soyez invité à nos événements exclusifs de dégustation de vins. Découvrez une variété de vins fins guidée par notre sommelier expérimenté."
    },
    {
        "title": "Offre Spéciale pour les Fêtes",
        "description": "Célébrez la période des fêtes avec notre offre spéciale pour les fêtes. Profitez d'un menu festif spécialement conçu pour la saison des fêtes."
    },
    {
        "title": "Boisson Sans Alcool Offerte",
        "description": "Restez rafraîchi avec une boisson sans alcool offerte de votre choix. Parfait pour les chaudes journées d'été."
    },
    {
        "title": "Expérience de Dégustation de Bières",
        "description": "Dégustez une sélection de nos meilleures bières avec notre expérience de dégustation de bières. Une récompense idéale pour les amateurs de bière."
    },
    {
        "title": "Pizza Gratuite",
        "description": "Qui n'aime pas une pizza gratuite ? Dégustez une délicieuse pizza chaude tout droit sortie de notre four avec cette récompense."
    },
    {
        "title": "Petit-Déjeuner Offert",
        "description": "Commencez votre journée du bon pied avec un petit-déjeuner offert. Choisissez parmi notre menu de plats traditionnels et modernes."
    },
    {
        "title": "Déjeuner Spécial",
        "description": "Faites une pause pendant votre journée et profitez de notre déjeuner spécial. Une sélection de plats soigneusement choisie pour satisfaire votre faim de midi."
    },
    {
        "title": "Menu de Dégustation Exclusive",
        "description": "Faites-vous plaisir avec un menu de dégustation exclusif préparé par notre chef cuisinier. Un voyage culinaire que vous ne voudriez pas manquer."
    },
    {
        "title": "Cocktail Artisanal Offert",
        "description": "Dégustez un cocktail artisanal offert, préparé à la perfection par nos barmans expérimentés. La façon idéale de commencer ou de terminer votre repas."
    }
]