[
    {
        "title": "Gratis Heerlijke Koffie",
        "description": "Begin je dag met een kick of vul je middag met onze beste brew. Onze koffie is afkomstig van de beste plantages over de hele wereld, die een rijke en diepe smaak in elk kopje leveren."
    },
    {
        "title": "Tweede Pizza Gratis",
        "description": "Niets brengt mensen samen zoals een goede pizza! Koop een van onze signature pizza's en krijg er een tweede gratis bij. Deel met een vriend of trakteer jezelf - je verdient het!"
    },
    {
        "title": "Diner voor Twee",
        "description": "Geniet van een speciale avond uit en creëer onvergetelijke momenten met een diner voor twee bij ons. Ervaar een breed scala aan gerechten die zorgvuldig zijn samengesteld door onze ervaren chefs, allemaal in een gezellige en warme sfeer."
    },
    {
        "title": "Gratis Dessert",
        "description": "Verwen je zoete trek met ons dessertmenu. Of je nu een fan bent van chocolade, fruitige smaken of romige gebakjes, we hebben iets om je maaltijd perfect te maken. Het beste van alles, het is van ons!"
    },
    {
        "title": "VIP Tafelreservering",
        "description": "Ervaar het beste wat we te bieden hebben met een VIP-tafelreservering. Geniet van voorrang bij het zitplaatsen, gepersonaliseerde service en een speciaal VIP-menu. Het is onze manier om je eetervaring nog specialer te maken."
    },
    {
        "title": "Chef's Speciale Gerecht",
        "description": "Trakteer jezelf op een culinair avontuur met ons Chef's Speciale Gerecht. Deze unieke creatie verandert regelmatig en is geïnspireerd op seizoensgebonden ingrediënten, lokale producten en de eigen creativiteit van de chef."
    },
    {
        "title": "Twee Burgers voor de Prijs van Een",
        "description": "Onze burgers zijn een publieksfavoriet, met gourmet toppings en onze geheime saus. Met onze speciale aanbieding, als je een burger koopt, krijg je er nog een gratis. Dat is dubbel zo lekker!"
    },
    {
        "title": "Exclusieve Wijnproeverij",
        "description": "Maak een reis door de wijnlanden zonder je stoel te verlaten. Ons exclusieve wijnproeverij-evenement geeft je de kans om een verscheidenheid aan fijne wijnen te proeven, zorgvuldig geselecteerd uit gerenommeerde wijngaarden over de hele wereld."
    },
    {
        "title": "Gratis Voorgerecht",
        "description": "Begin je maaltijd goed met een gratis voorgerecht. Kies uit onze selectie van warme en koude starters, elk ontworpen om je eetlust op te wekken en je smaakpapillen voor te bereiden op het hoofdgerecht."
    },
    {
        "title": "25% Korting op Je Volgende Bezoek",
        "description": "Als blijk van waardering voor je voortdurende steun, bieden we je een korting van 25% op je hele rekening de volgende keer dat je bij ons dineert. Het is onze manier om dank je wel te zeggen!"
    },
    {
        "title": "Verjaardagsspecial",
        "description": "Vier je verjaardag in stijl bij ons. Geniet van een gratis maaltijd en een speciale verrassing van ons team. Maak je verjaardag onvergetelijk in onze plaats."
    },
    {
        "title": "Kinderen Eten Gratis",
        "description": "Familie maaltijden zijn net beter geworden! Met onze 'Kinderen Eten Gratis' aanbieding, kan je kleintje genieten van hun favoriete gerecht van het huis. Maak die familie momenten nog gedenkwaardiger."
    },
    {
        "title": "Gratis Kookles",
        "description": "Ontgrendel je culinaire potentieel met onze gratis kookles. Leer van onze ervaren chefs, ontdek nieuwe recepten, en breng je kookvaardigheden naar een hoger niveau."
    },
    {
        "title": "Korting op Cateringdiensten",
        "description": "Een feestje of evenement aan het organiseren? Wij hebben je gedekt. Krijg een exclusieve korting op onze cateringdiensten en laat ons van je evenement een culinair succes maken."
    },
    {
        "title": "Prioriteitstoegang tot Evenementen",
        "description": "Krijg exclusieve, prioriteitstoegang tot onze speciale evenementen. Van wijnproeverijen tot gastronomische festivals, geniet van het beste wat we te bieden hebben voordat iemand anders dat doet."
    },
    {
        "title": "Vroege Vogel Special",
        "description": "Versla de drukte en krijg een speciale korting met onze Vroege Vogel Special. De vroege eter krijgt de deal!"
    },
    {
        "title": "Gratis Fles Wijn",
        "description": "Complementeer je maaltijd met een gratis fles van onze geselecteerde wijn. Zorgvuldig gekozen door onze sommelier, het is de perfecte match voor een voortreffelijke eetervaring."
    },
    {
        "title": "Halve Prijs op Geselecteerde Gerechten",
        "description": "Ervaar het beste van ons menu voor de helft van de prijs. Geselecteerde gerechten elke week in de aanbieding. Een heerlijke deal die je niet kunt weerstaan!"
    },
    {
        "title": "Gratis Refills op Frisdranken",
        "description": "Blijf verfrist! Geniet van gratis refills op ons assortiment frisdranken. Het perfecte bijgerecht bij je maaltijd."
    },
    {
        "title": "Exclusieve Seizoensaanbieding",
        "description": "Vier het seizoen met onze exclusieve seizoensaanbieding. Geniet van een samengesteld menu met seizoensgebonden ingrediënten voor een speciale prijs."
    },
    {
        "title": "Diner voor Twee",
        "description": "Geniet van een intiem diner voor twee met onze speciale beloning. Verwen jezelf met een viergangenmenu en creëer blijvende herinneringen met je dierbare."
    },
    {
        "title": "Chef's Special",
        "description": "Geniet van een gerecht dat speciaal is bereid door onze chef-kok. Een unieke culinaire ervaring die je niet wilt missen."
    },
    {
        "title": "Gratis Voorgerecht",
        "description": "Begin je maaltijd goed. Kies een van onze voorgerechten van het huis met deze speciale beloning."
    },
    {
        "title": "Gratis Dessert",
        "description": "Verwen jezelf met een zoete traktatie van ons. Eindig je maaltijd op een zoete noot met ons gratis dessertaanbod."
    },
    {
        "title": "Weekend Brunch Special",
        "description": "Maak je weekenden speciaal met onze gratis brunch. Geniet van een selectie van je favoriete gerechten in een ontspannen, vriendelijke sfeer."
    },
    {
        "title": "Gratis Toegang tot Gourmet Night",
        "description": "Ervaar een avond vol gastronomische lekkernijen met gratis toegang tot onze maandelijkse gourmetavond. Proef een reeks exotische gerechten samengesteld door onze getalenteerde chefs."
    },
    {
        "title": "Gratis Salad Bar",
        "description": "Geniet van een gezonde, verse selectie van onze saladebar gratis. Een perfecte aanvulling op elke maaltijd of een stevige keuze op zichzelf."
    },
    {
        "title": "Wijnproeverij Evenement",
        "description": "Word uitgenodigd voor onze exclusieve wijnproeverijen. Ontdek een verscheidenheid aan fijne wijnen onder leiding van onze ervaren sommelier."
    },
    {
        "title": "Vakantie Special",
        "description": "Vier het vakantieseizoen met onze exclusieve vakantiespecial. Geniet van een feestelijk menu speciaal samengesteld voor de vakantieperiode."
    },
    {
        "title": "Gratis Frisdrank",
        "description": "Blijf verfrist met een gratis frisdrank naar keuze. Perfect voor die warme zomerdagen."
    },
    {
        "title": "Bierproeverij Ervaring",
        "description": "Geniet van een selectie van onze fijnste bieren met onze bierproeverij ervaring. Een ideale beloning voor bierliefhebbers."
    },
    {
        "title": "Gratis Pizza",
        "description": "Wie houdt er niet van een gratis pizza? Geniet van een heerlijke, hete pizza rechtstreeks uit onze oven met deze beloning."
    },
    {
        "title": "Gratis Ontbijt",
        "description": "Begin je dag goed met een gratis ontbijt. Kies uit ons menu met traditionele en moderne ontbijtproducten."
    },
    {
        "title": "Lunch Special",
        "description": "Neem een pauze van je dag en geniet van onze lunchspecial. Een zorgvuldig geselecteerd assortiment gerechten om je middagtrek te stillen."
    },
    {
        "title": "Exclusieve Proeverij Menu",
        "description": "Verwen jezelf met een exclusief proeverij menu samengesteld door onze chef-kok. Een culinaire reis die je niet wilt missen."
    },
    {
        "title": "Gratis Ambachtelijke Cocktail",
        "description": "Geniet van een gratis ambachtelijke cocktail, perfect gemengd door onze ervaren bartenders. De perfecte manier om je maaltijd te beginnen of te eindigen."
    }
]