[
    {
        "title": "Kostenlose Haarberatung",
        "description": "Entdecken Sie die perfekte Frisur für Ihre Gesichtsform und Ihren Lebensstil. Unsere Experten bieten eine detaillierte Beratung, um Sie zu Ihrem besten Look zu führen."
    },
    {
        "title": "Zweite Haarbehandlung 50% Rabatt",
        "description": "Beleben Sie Ihre Locken! Buchen Sie eine Haarbehandlung und erhalten Sie die zweite zum halben Preis. Perfekt für einen Freund oder ein Familienmitglied."
    },
    {
        "title": "Spa-Tag für Paare",
        "description": "Entspannen und verjüngen Sie sich mit einem besonderen Spa-Tag für zwei. Erleben Sie eine Reihe von Behandlungen in unserer ruhigen Umgebung und machen Sie es zu einem unvergesslichen Tag."
    },
    {
        "title": "Kostenlose Nagelkunst",
        "description": "Verleihen Sie Ihren Nägeln einen kreativen Touch. Buchen Sie eine Maniküre und genießen Sie kostenlose Nagelkunst aus unserer Auswahl an trendigen Designs."
    },
    {
        "title": "VIP-Beauty-Paket",
        "description": "Genießen Sie ein luxuriöses Schönheitserlebnis mit unserem VIP-Paket. Genießen Sie Prioritätsbuchungen, spezielle Behandlungen und individuelle Betreuung."
    },
    {
        "title": "Stylist's Spezial Look",
        "description": "Verwandeln Sie Ihren Look mit unserem Stylist's Spezial. Eine einzigartige Haar- und Make-up-Kombination, inspiriert von den neuesten Modetrends."
    },
    {
        "title": "Kaufe eine Gesichtsbehandlung, erhalte eine gratis",
        "description": "Verjüngen Sie Ihre Haut mit unseren Experten-Gesichtsbehandlungen. Mit unserem Sonderangebot buchen Sie eine Gesichtsbehandlung und erhalten eine weitere völlig kostenlos."
    },
    {
        "title": "Exklusiver Make-up-Workshop",
        "description": "Lernen Sie die Tricks des Handwerks in unserem exklusiven Make-up-Workshop. Beherrschen Sie die Kunst des Make-ups mit Tipps und Techniken von unseren Profis."
    },
    {
        "title": "Kostenlose Kopfmassage",
        "description": "Entspannen Sie sich und gönnen Sie sich eine kostenlose Kopfmassage mit jedem Haarservice. Eine perfekte Möglichkeit, sich zu entspannen und sich zu verwöhnen."
    },
    {
        "title": "20% Rabatt bei Ihrem nächsten Besuch",
        "description": "Wir schätzen Ihre Treue. Genießen Sie einen Rabatt von 20% bei Ihrem nächsten Besuch als Zeichen unserer Wertschätzung."
    },
    {
        "title": "Geburtstags-Schönheits-Bonanza",
        "description": "Feiern Sie Ihren besonderen Tag mit uns. Erhalten Sie eine kostenlose Schönheitsbehandlung Ihrer Wahl und fühlen Sie sich an Ihrem Geburtstag verwöhnt."
    },
    {
        "title": "Kinderhaarschnitt-Spezial",
        "description": "Styling für die Kleinen! Bringen Sie Ihr Kind zum Haare schneiden und genießen Sie spezielle thematische Stile und eine lustige Umgebung."
    }
]
