[
    {
        "title": "Caf\u00e9 Delicioso Gr\u00e1tis",
        "description": "Comece o dia com energia ou alimente sua tarde com nossa melhor bebida. Nosso caf\u00e9 \u00e9 proveniente das melhores planta\u00e7\u00f5es ao redor do mundo, fornecendo um sabor rico e profundo em cada x\u00edcara."
    },
    {
        "title": "Segunda Pizza Gr\u00e1tis",
        "description": "Nada une as pessoas como uma boa pizza! Compre qualquer uma das nossas pizzas assinatura e ganhe uma segunda de gra\u00e7a. Compartilhe com um amigo ou se d\u00ea um presente - voc\u00ea merece!"
    },
    {
        "title": "Jantar para Dois",
        "description": "Desfrute de uma noite especial e crie momentos memor\u00e1veis com um jantar para dois em nosso lugar. Experimente uma ampla variedade de pratos cuidadosamente elaborados por nossos chefs especialistas, tudo em um ambiente aconchegante e acolhedor."
    },
    {
        "title": "Sobremesa Cortesia",
        "description": "Saciar seu desejo por doces com nosso card\u00e1pio de sobremesas. Seja voc\u00ea f\u00e3 de chocolate, sabores frutados, ou past\u00e9is cremosos, temos algo para tornar sua refei\u00e7\u00e3o perfeita. O melhor de tudo, \u00e9 por nossa conta!"
    },
    {
        "title": "Reserva de Mesa VIP",
        "description": "Experimente o melhor que temos a oferecer com uma reserva de mesa VIP. Desfrute de assentos priorit\u00e1rios, servi\u00e7o personalizado e um menu VIP especial. \u00c9 a nossa maneira de tornar a sua experi\u00eancia gastron\u00f4mica ainda mais especial."
    },
    {
        "title": "Prato Especial do Chef",
        "description": "Presenteie-se com uma aventura culin\u00e1ria com nosso Prato Especial do Chef. Esta cria\u00e7\u00e3o \u00fanica muda regularmente e \u00e9 inspirada por ingredientes sazonais, produtos locais e a pr\u00f3pria criatividade do chef."
    },
    {
        "title": "Compre um Hamb\u00farguer e Ganhe Outro",
        "description": "Nossos hamb\u00fargueres s\u00e3o um favorito da multid\u00e3o, apresentando coberturas gourmet e nosso molho secreto. Com nossa oferta especial, quando voc\u00ea compra um hamb\u00farguer, ganha outro de gra\u00e7a. Isso \u00e9 o dobro de deliciosidade!"
    },
    {
        "title": "Degusta\u00e7\u00e3o de Vinhos Exclusiva",
        "description": "Fa\u00e7a uma viagem pelo pa\u00eds do vinho sem sair do seu assento. Nosso evento exclusivo de degusta\u00e7\u00e3o de vinhos oferece a voc\u00ea a chance de provar uma variedade de vinhos finos, cuidadosamente selecionados de vin\u00edcolas renomadas ao redor do mundo."
    },
    {
        "title": "Aperitivo Cortesia",
        "description": "Comece sua refei\u00e7\u00e3o da melhor maneira com um aperitivo cortesia. Escolha entre nossa sele\u00e7\u00e3o de entradas quentes e frias, cada uma projetada para agu\u00e7ar seu apetite e preparar seu paladar para o prato principal."
    },
    {
        "title": "25% de Desconto na Pr\u00f3xima Visita",
        "description": "Como sinal de nosso agradecimento pelo seu apoio cont\u00ednuo, estamos oferecendo um desconto de 25% em toda a sua conta na pr\u00f3xima vez que jantar conosco. \u00c9 a nossa maneira de dizer obrigado!"
    },
    {
        "title": "Especial de Anivers\u00e1rio",
        "description": "Comemore o seu anivers\u00e1rio em grande estilo conosco. Desfrute de uma refei\u00e7\u00e3o cortesia e uma surpresa especial de nossa equipe. Torne o seu anivers\u00e1rio inesquec\u00edvel em nosso estabelecimento."
    },
    {
        "title": "Crian\u00e7as Comem de Gra\u00e7a",
        "description": "As refei\u00e7\u00f5es em fam\u00edlia acabaram de melhorar! Com a nossa oferta 'Crian\u00e7as Comem de Gra\u00e7a', seu pequeno pode desfrutar do prato favorito por nossa conta. Torne esses momentos em fam\u00edlia mais memor\u00e1veis."
    },
    {
        "title": "Aula de Culin\u00e1ria Gr\u00e1tis",
        "description": "Desbloqueie o seu potencial culin\u00e1rio com a nossa aula de culin\u00e1ria gratuita. Aprenda com nossos chefs habilidosos, descubra novas receitas e leve suas habilidades culin\u00e1rias para o pr\u00f3ximo n\u00edvel."
    },
    {
        "title": "Desconto em Servi\u00e7os de Catering",
        "description": "Vai dar uma festa ou um evento? N\u00f3s te cobrimos. Obtenha um desconto exclusivo em nossos servi\u00e7os de catering e deixe-nos tornar o seu evento um sucesso culin\u00e1rio."
    },
    {
        "title": "Acesso Priorit\u00e1rio a Eventos",
        "description": "Obtenha acesso exclusivo e priorit\u00e1rio aos nossos eventos especiais. Desde degusta\u00e7\u00f5es de vinho a festivais gourmet, desfrute do melhor que temos a oferecer antes de qualquer outra pessoa."
    },
    {
        "title": "Especial Madrugador",
        "description": "Chegue antes da multid\u00e3o e obtenha um desconto especial com o nosso Especial Madrugador. O cliente que chega cedo leva a vantagem!"
    },
    {
        "title": "Garrafa de Vinho Gr\u00e1tis",
        "description": "Complete sua refei\u00e7\u00e3o com uma garrafa gr\u00e1tis do nosso vinho selecionado. Cuidadosamente escolhido pelo nosso sommelier, \u00e9 a combina\u00e7\u00e3o perfeita para uma experi\u00eancia gastron\u00f4mica requintada."
    },
    {
        "title": "Metade do Pre\u00e7o em Pratos Selecionados",
        "description": "Experimente o melhor do nosso card\u00e1pio pela metade do pre\u00e7o. Pratos selecionados com desconto todas as semanas. Uma deliciosa oferta que voc\u00ea n\u00e3o pode resistir!"
    },
    {
        "title": "Refis Gr\u00e1tis em Bebidas n\u00e3o Alco\u00f3licas",
        "description": "Mantenha-se refrescado! Desfrute de refis gr\u00e1tis na nossa gama de bebidas n\u00e3o alco\u00f3licas. \u00c9 o complemento perfeito para a sua refei\u00e7\u00e3o."
    },
    {
        "title": "Oferta Sazonal Exclusiva",
        "description": "Celebre a esta\u00e7\u00e3o com a nossa oferta sazonal exclusiva. Desfrute de um card\u00e1pio curado apresentando ingredientes sazonais a um pre\u00e7o especial."
    },
    {
        "title": "Jantar para Dois",
        "description": "Desfrute de um jantar \u00edntimo para dois com a nossa recompensa especial. Deleite-se com uma refei\u00e7\u00e3o de quatro pratos e crie mem\u00f3rias duradouras com a pessoa amada."
    },
    {
        "title": "Prato Especial do Chef",
        "description": "Desfrute de um prato especialmente preparado pelo nosso chef. Uma experi\u00eancia culin\u00e1ria \u00fanica que voc\u00ea n\u00e3o vai querer perder."
    },
    {
        "title": "Aperitivo Cortesia",
        "description": "Comece a sua refei\u00e7\u00e3o da maneira certa. Escolha qualquer um dos nossos aperitivos por conta da casa com esta recompensa especial."
    },
    {
        "title": "Sobremesa Gr\u00e1tis",
        "description": "Deleite-se com uma sobremesa doce por nossa conta. Termine a sua refei\u00e7\u00e3o com um toque doce com a nossa oferta de sobremesa cortesia."
    },
    {
        "title": "Especial de Brunch no Fim de Semana",
        "description": "Torne seus fins de semana especiais com o nosso brunch cortesia. Desfrute de uma sele\u00e7\u00e3o de seus pratos favoritos em um ambiente descontra\u00eddo e amig\u00e1vel."
    },
    {
        "title": "Entrada Gratuita para Noite Gourmet",
        "description": "Experimente uma noite de del\u00edcias gourmet com entrada gratuita para a nossa noite gourmet mensal. Prove uma variedade de pratos ex\u00f3ticos curados pelos nossos talentosos chefs."
    },
    {
        "title": "Bar de Saladas Gr\u00e1tis",
        "description": "Desfrute de uma sele\u00e7\u00e3o saud\u00e1vel e fresca do nosso bar de saladas gratuitamente. Um complemento perfeito para qualquer refei\u00e7\u00e3o ou uma op\u00e7\u00e3o substancial por si s\u00f3."
    },
    {
        "title": "Evento de Degusta\u00e7\u00e3o de Vinhos",
        "description": "Seja convidado para os nossos eventos exclusivos de degusta\u00e7\u00e3o de vinhos. Descubra uma variedade de vinhos finos guiados pelo nosso experiente sommelier."
    },
    {
        "title": "Especial de Feriado",
        "description": "Celebre a temporada de festas com o nosso especial de feriado exclusivo. Desfrute de um menu festivo especialmente curado para a temporada de festas."
    },
    {
        "title": "Bebida n\u00e3o Alco\u00f3lica Cortesia",
        "description": "Mantenha-se refrescado com uma bebida n\u00e3o alco\u00f3lica cortesia \u00e0 sua escolha. Perfeito para aqueles dias quentes de ver\u00e3o."
    },
    {
        "title": "Menu de Degusta\u00e7\u00e3o Exclusivo",
        "description": "Mime-se com um menu de degusta\u00e7\u00e3o exclusivo elaborado pelo nosso chef. Uma viagem culin\u00e1ria que voc\u00ea n\u00e3o vai querer perder."
    },
    {
        "title": "Pizza Gr\u00e1tis",
        "description": "Quem n\u00e3o ama uma pizza gr\u00e1tis? Desfrute de uma pizza deliciosa e quente diretamente do nosso forno com esta recompensa."
    },
    {
        "title": "Caf\u00e9 da Manh\u00e3 Cortesia",
        "description": "Comece o seu dia da maneira certa com um caf\u00e9 da manh\u00e3 cortesia. Escolha no nosso card\u00e1pio de itens tradicionais e modernos para o caf\u00e9 da manh\u00e3."
    },
    {
        "title": "Almo\u00e7o Especial",
        "description": "Fa\u00e7a uma pausa no seu dia e desfrute do nosso almo\u00e7o especial. Uma sele\u00e7\u00e3o de pratos escolhidos a dedo para satisfazer a sua fome do meio-dia."
    },
    {
        "title": "Menu de Degusta\u00e7\u00e3o Exclusivo",
        "description": "Indulge in an exclusive tasting menu curated by our head chef. A culinary journey that you wouldn't want to miss."
    },
    {
        "title": "Coquetel Artesanal Cortesia",
        "description": "Desfrute de um coquetel artesanal cortesia, misturado \u00e0 perfei\u00e7\u00e3o pelos nossos experientes bartenders. A maneira perfeita de come\u00e7ar ou terminar a sua refei\u00e7\u00e3o."
    }
]