[
    {
        "head": "Unsere Marke",
        "title": "Treue Belohnt",
        "description": "Beginnen Sie heute, Punkte bei uns zu sammeln!"
    },
    {
        "head": "Sommerbelohnungen",
        "title": "Saisonale Ersparnisse",
        "description": "Nutzen Sie unsere Sommeraktion!"
    },
    {
        "head": "Spar-Karte",
        "title": "Verdienen beim Ausgeben",
        "description": "Sammeln Sie Punkte jedes Mal, wenn Sie bei uns trainieren!"
    },
    {
        "head": "Fitness-Club",
        "title": "Trainieren und Sparen",
        "description": "Genießen Sie unsere Trainingsprogramme und erhalten Sie spannende Belohnungen!"
    },
    {
        "head": "Sportler-Karte",
        "title": "Trainieren und Verdienen",
        "description": "Belohnung für Ihre Liebe zum Sport!"
    },
    {
        "head": "Treuekarte",
        "title": "Jetzt Sparen",
        "description": "Treten Sie unserem Treueprogramm bei und sparen Sie bei jedem Kauf!"
    }
]
