[
    {
        "head": "Our Fitness Brand",
        "title": "Loyalty Rewarded",
        "description": "Start collecting fitness points with us today!"
    },
    {
        "head": "Summer Fitness",
        "title": "Seasonal Workouts",
        "description": "Join our summer fitness challenges and get in shape!"
    },
    {
        "head": "Membership Card",
        "title": "Earn as You Train",
        "description": "Accumulate points every time you work out with us!"
    },
    {
        "head": "Elite Fitness Club",
        "title": "Train and Save",
        "description": "Experience our premium facilities and enjoy exclusive rewards!"
    },
    {
        "head": "Workout Warriors",
        "title": "Sweat and Earn",
        "description": "Rewarding your dedication to fitness!"
    },
    {
        "head": "Loyalty Membership",
        "title": "Save on Subscriptions",
        "description": "Join our loyalty program and save on every membership renewal!"
    }
]
