[
    {
        "head": "Ons Merk",
        "title": "Loyaliteit Beloond",
        "description": "Begin vandaag nog met het verzamelen van punten bij ons!"
    },
    {
        "head": "Zomerbeloningen",
        "title": "Seizoenskortingen",
        "description": "Profiteer van onze zomerpromotie!"
    },
    {
        "head": "Spaarkaart",
        "title": "Verdien terwijl je Uitgeeft",
        "description": "Verzamel punten elke keer dat je bij ons traint!"
    },
    {
        "head": "Fitnessclub",
        "title": "Train en Bespaar",
        "description": "Geniet van onze trainingsprogramma's en ontvang spannende beloningen!"
    },
    {
        "head": "Sporterskaart",
        "title": "Train en Verdien",
        "description": "Beloning voor je liefde voor sport!"
    },
    {
        "head": "Loyaliteitskaart",
        "title": "Bespaar Nu",
        "description": "Word lid van ons loyaliteitsprogramma en bespaar bij elke aankoop!"
    }
]
