[
    {
        "title": "Kostenloses Fitnessgetränk",
        "description": "Beginnen Sie Ihr Training mit einem erfrischenden Getränk. Unsere Auswahl an Fitnessgetränken gibt Ihnen die nötige Energie für ein intensives Training."
    },
    {
        "title": "Zweites Training kostenlos",
        "description": "Fitness macht zu zweit mehr Spaß! Buchen Sie eine Trainingseinheit und erhalten Sie eine zweite kostenlos dazu. Teilen Sie es mit einem Freund oder gönnen Sie sich eine zusätzliche Einheit!"
    },
    {
        "title": "Fitnesskurs für Zwei",
        "description": "Erleben Sie gemeinsam mit einem Partner einen unserer speziellen Fitnesskurse. Von Yoga bis HIIT, wählen Sie Ihren Favoriten und bleiben Sie in Form."
    },
    {
        "title": "Kostenloses Proteinriegel",
        "description": "Tanken Sie nach Ihrem Training mit einem unserer Proteinriegel auf. Ideal für die Muskelregeneration und lecker im Geschmack!"
    },
    {
        "title": "VIP-Fitnessberatung",
        "description": "Erhalten Sie eine individuelle Fitnessberatung von unseren Top-Trainern. Wir helfen Ihnen, Ihre Ziele zu erreichen und das Beste aus jedem Training herauszuholen."
    },
    {
        "title": "Trainer's Spezialtraining",
        "description": "Probieren Sie ein spezielles Training, das von unseren Trainern entwickelt wurde. Eine einzigartige Kombination von Übungen, die Sie herausfordern und stärken werden."
    },
    {
        "title": "Kostenloser Saunazugang",
        "description": "Entspannen Sie nach Ihrem Training in unserer Sauna. Perfekt, um die Muskeln zu entspannen und den Geist zu beruhigen."
    },
    {
        "title": "Exklusiver Ernährungsworkshop",
        "description": "Lernen Sie mehr über gesunde Ernährung in unserem exklusiven Workshop. Entdecken Sie, wie Sie Ihre Ernährung optimieren können, um Ihre Fitnessziele zu erreichen."
    },
    {
        "title": "Kostenloses Handtuchservice",
        "description": "Genießen Sie unseren kostenlosen Handtuchservice bei jedem Besuch. Trainieren Sie bequem und lassen Sie uns um die Kleinigkeiten kümmern."
    },
    {
        "title": "25% Rabatt auf Ihren nächsten Einkauf",
        "description": "Als Dankeschön für Ihre Treue bieten wir Ihnen 25% Rabatt auf Ihren nächsten Einkauf in unserem Fitness-Shop."
    },
    {
        "title": "Geburtstagsspecial",
        "description": "Feiern Sie Ihren Geburtstag mit einem kostenlosen Training oder Kurs in unserem Fitnessstudio. Ein gesunder Weg, um Ihren besonderen Tag zu feiern!"
    },
    {
        "title": "Kinder trainieren kostenlos",
        "description": "Bringen Sie Ihre Kinder mit und lassen Sie sie an unseren speziellen Kinderkursen teilnehmen. Fitness macht in jedem Alter Spaß!"
    }
]
