[
    {
        "title": "Free Protein Shake",
        "description": "Kickstart your workout or refuel post-exercise with our premium protein shake. Made with the finest protein sources, it's the perfect blend to support your fitness goals."
    },
    {
        "title": "Bring a Friend for Free",
        "description": "Training is always better with a buddy! Bring a friend along for a workout session at no extra cost. It's a great way to motivate each other and achieve your fitness milestones together."
    },
    {
        "title": "Personal Training Session",
        "description": "Experience a personalized workout session with our certified trainers. They'll guide you through exercises tailored to your goals, ensuring you get the most out of every workout."
    },
    {
        "title": "Complimentary Yoga Class",
        "description": "Find your inner peace and improve flexibility with a complimentary yoga class. Our experienced instructors will guide you through poses that rejuvenate both mind and body."
    },
    {
        "title": "VIP Locker Access",
        "description": "Enjoy the luxury of a VIP locker. Spacious, secure, and equipped with premium amenities, it's the perfect place to store your belongings while you work out."
    },
    {
        "title": "Exclusive Fitness Workshop",
        "description": "Stay ahead of the fitness curve by attending our exclusive workshops. Learn about the latest training techniques, nutrition tips, and more from industry experts."
    },
    {
        "title": "Buy One Get One Free Class",
        "description": "Experience a variety of our group classes. With our special offer, when you book one class, you get another one for free. From Zumba to spinning, there's something for everyone!"
    },
    {
        "title": "Nutrition Consultation",
        "description": "Fuel your fitness journey with the right nutrition. Get a complimentary consultation with our in-house nutritionist and receive a personalized diet plan."
    },
    {
        "title": "Free Guest Pass",
        "description": "Share the fitness love! Gift a free guest pass to a friend or family member, allowing them full access to our facilities for a day."
    },
    {
        "title": "10% Off on Gym Merchandise",
        "description": "Flaunt your fitness passion with our exclusive gym merchandise. Enjoy a 10% discount on apparel, accessories, and more."
    },
    {
        "title": "Birthday Workout Special",
        "description": "Celebrate your special day with a unique workout challenge crafted just for you. Complete it and earn a surprise reward!"
    },
    {
        "title": "Kids' Fitness Camp",
        "description": "Introduce your little ones to the joy of staying active. Enroll them in our kids' fitness camp where they can learn, play, and develop healthy habits."
    }
]
