[
    {
        "title": "Free Popcorn Refills",
        "description": "Enjoy your movie with our freshly popped corn. With this offer, get unlimited refills so you never run out during those intense scenes."
    },
    {
        "title": "Buy One Get One Free Ticket",
        "description": "Bring a friend or a loved one and enjoy a movie together. Purchase one ticket and get the second one absolutely free."
    },
    {
        "title": "Exclusive Premiere Access",
        "description": "Be the first to watch the latest blockbusters. Get exclusive access to movie premieres and experience cinema like never before."
    },
    {
        "title": "Complimentary Drink",
        "description": "Quench your thirst with a complimentary drink of your choice. Choose from our range of soft drinks, juices, or iced teas."
    },
    {
        "title": "VIP Seating Upgrade",
        "description": "Experience movies in the best way possible. Upgrade to our VIP seats for a more comfortable and immersive viewing experience."
    },
    {
        "title": "Director's Cut Screenings",
        "description": "Dive deeper into the world of cinema with our special Director's Cut screenings. Experience movies as the director intended, with additional scenes and content."
    },
    {
        "title": "Free Movie Poster",
        "description": "Take a piece of the cinema home with you. Get a free movie poster with every ticket purchase, while stocks last."
    },
    {
        "title": "Behind The Scenes Access",
        "description": "Get a sneak peek into the world of movie-making. Join us for exclusive behind-the-scenes tours and see how the magic happens."
    },
    {
        "title": "25% Off on Snack Combos",
        "description": "Make your movie experience complete with our snack combos. Enjoy 25% off and choose from a variety of options."
    },
    {
        "title": "Loyalty Movie Points",
        "description": "Earn points every time you watch a movie with us. Redeem them for free tickets, snacks, or exclusive merchandise."
    },
    {
        "title": "Special Screening Invites",
        "description": "Join us for special screenings of classic movies, foreign films, and indie gems. As a valued patron, you get exclusive invites to these events."
    },
    {
        "title": "Kids Movie Day",
        "description": "Make weekends fun for the little ones. Enjoy special kids' movies, interactive sessions, and lots of fun activities."
    }
]
