[
    {
        "head": "Unser Salon",
        "title": "Schönheitsbelohnungen",
        "description": "Beginnen Sie heute, Schönheitspunkte bei uns zu sammeln!"
    },
    {
        "head": "Sommerstile",
        "title": "Saisonale Umgestaltungen",
        "description": "Holen Sie sich einen frischen Look mit unseren Sommerangeboten!"
    },
    {
        "head": "Stilkarte",
        "title": "Verdienen Sie, während Sie stylen",
        "description": "Sammeln Sie Punkte, jedes Mal wenn Sie unseren Salon besuchen!"
    },
    {
        "head": "Glamour Club",
        "title": "Stil und sparen",
        "description": "Erleben Sie unsere Schönheitsbehandlungen und genießen Sie aufregende Belohnungen!"
    },
    {
        "head": "Haarpflegekarte",
        "title": "Stil und verdienen",
        "description": "Belohnung für Ihre Liebe zu fabelhaftem Haar!"
    },
    {
        "head": "Schönheitsloyalität",
        "title": "Sparen bei Schönheit",
        "description": "Treten Sie unserem Schönheitsloyalitätsprogramm bei und sparen Sie bei jedem Service!"
    }
]
