[
    {
        "head": "Our Salon",
        "title": "Beauty Rewards",
        "description": "Start collecting beauty points with us today!"
    },
    {
        "head": "Summer Styles",
        "title": "Seasonal Makeovers",
        "description": "Get a fresh look with our summer specials!"
    },
    {
        "head": "Style Card",
        "title": "Earn as You Style",
        "description": "Accumulate points every time you visit our salon!"
    },
    {
        "head": "Glamour Club",
        "title": "Style and Save",
        "description": "Experience our beauty treatments and enjoy exciting rewards!"
    },
    {
        "head": "Haircare Card",
        "title": "Style and Earn",
        "description": "Rewarding your love for fabulous hair!"
    },
    {
        "head": "Beauty Loyalty",
        "title": "Save on Beauty",
        "description": "Join our beauty loyalty program and save on every service!"
    }
]
