[
    {
        "head": "Nuestro Salón",
        "title": "Recompensas de Belleza",
        "description": "¡Comienza a recolectar puntos de belleza con nosotros hoy!"
    },
    {
        "head": "Estilos de Verano",
        "title": "Cambios de Temporada",
        "description": "¡Obtén un nuevo look con nuestras ofertas de verano!"
    },
    {
        "head": "Tarjeta de Estilo",
        "title": "Gana mientras te estilizas",
        "description": "¡Acumula puntos cada vez que visitas nuestro salón!"
    },
    {
        "head": "Club de Glamour",
        "title": "Estilo y Ahorro",
        "description": "¡Experimenta nuestros tratamientos de belleza y disfruta de emocionantes recompensas!"
    },
    {
        "head": "Tarjeta de Cuidado del Cabello",
        "title": "Estilo y Ganancia",
        "description": "¡Recompensando tu amor por un cabello fabuloso!"
    },
    {
        "head": "Lealtad en Belleza",
        "title": "Ahorra en Belleza",
        "description": "¡Únete a nuestro programa de lealtad en belleza y ahorra en cada servicio!"
    }
]
