[
    {
        "head": "Notre Salon",
        "title": "Récompenses de Beauté",
        "description": "Commencez à collecter des points beauté avec nous aujourd'hui!"
    },
    {
        "head": "Styles d'Été",
        "title": "Relookings Saisonniers",
        "description": "Obtenez un nouveau look avec nos offres d'été!"
    },
    {
        "head": "Carte de Style",
        "title": "Gagnez pendant que vous stylisez",
        "description": "Accumulez des points à chaque fois que vous visitez notre salon!"
    },
    {
        "head": "Club Glamour",
        "title": "Style et Économie",
        "description": "Découvrez nos traitements de beauté et profitez de récompenses excitantes!"
    },
    {
        "head": "Carte de Soins Capillaires",
        "title": "Style et Gains",
        "description": "Récompensant votre amour pour des cheveux fabuleux!"
    },
    {
        "head": "Loyauté en Beauté",
        "title": "Économisez sur la Beauté",
        "description": "Rejoignez notre programme de fidélité beauté et économisez sur chaque service!"
    }
]
