[
    {
        "head": "Onze Salon",
        "title": "Schoonheidsbeloningen",
        "description": "Begin vandaag nog met het verzamelen van schoonheidspunten bij ons!"
    },
    {
        "head": "Zomerstijlen",
        "title": "Seizoensmake-overs",
        "description": "Krijg een frisse look met onze zomeraanbiedingen!"
    },
    {
        "head": "Stijlkaart",
        "title": "Verdien terwijl je stijlt",
        "description": "Verzamel punten elke keer dat je onze salon bezoekt!"
    },
    {
        "head": "Glamour Club",
        "title": "Stijl en Bespaar",
        "description": "Ervaar onze schoonheidsbehandelingen en geniet van spannende beloningen!"
    },
    {
        "head": "Haarverzorgingskaart",
        "title": "Stijl en Verdien",
        "description": "Belonen van uw liefde voor fantastisch haar!"
    },
    {
        "head": "Schoonheidsloyaliteit",
        "title": "Bespaar op Schoonheid",
        "description": "Word lid van ons schoonheidsloyaliteitsprogramma en bespaar bij elke dienst!"
    }
]
