[
    {
        "head": "Nosso Salão",
        "title": "Recompensas de Beleza",
        "description": "Comece a coletar pontos de beleza conosco hoje!"
    },
    {
        "head": "Estilos de Verão",
        "title": "Transformações Sazonais",
        "description": "Obtenha um novo visual com nossas promoções de verão!"
    },
    {
        "head": "Cartão de Estilo",
        "title": "Ganhe enquanto estiliza",
        "description": "Acumule pontos toda vez que visitar nosso salão!"
    },
    {
        "head": "Clube Glamour",
        "title": "Estilo e Economia",
        "description": "Experimente nossos tratamentos de beleza e desfrute de recompensas emocionantes!"
    },
    {
        "head": "Cartão de Cuidados com o Cabelo",
        "title": "Estilo e Ganho",
        "description": "Recompensando seu amor por cabelos fabulosos!"
    },
    {
        "head": "Lealdade em Beleza",
        "title": "Economize em Beleza",
        "description": "Junte-se ao nosso programa de lealdade em beleza e economize em cada serviço!"
    }
]
